2024-08-08 18:14:01,npx prisma generate --schema after-7-one-more-table.prisma,62.687186529,5.15.1
2024-08-08 18:16:23,npx prisma generate --schema schema8.prisma,142.443990081,5.15.1
2024-08-08 18:17:26,npx prisma generate --schema after-7-one-more-table.prisma,62.248997523,5.15.1
2024-08-08 18:19:46,npx prisma generate --schema schema8.prisma,140.641150747,5.15.1
2024-08-08 18:20:05,npx prisma generate --schema after-7-one-more-table.prisma,18.997245378,5.15.1
2024-08-08 18:22:28,npx prisma generate --schema schema8.prisma,143.104823819,5.15.1
2024-08-08 18:22:47,npx prisma generate --schema after-7-one-more-table.prisma,18.934073820,5.15.1
2024-08-08 18:25:09,npx prisma generate --schema schema8.prisma,141.688721858,5.15.1
2024-08-08 18:25:28,npx prisma generate --schema after-7-one-more-table.prisma,19.069263507,5.15.1
2024-08-08 18:27:48,npx prisma generate --schema schema8.prisma,140.146661787,5.15.1
2024-08-08 18:28:07,npx prisma generate --schema after-7-one-more-table.prisma,18.980380471,5.15.1
2024-08-08 18:30:29,npx prisma generate --schema schema8.prisma,141.713806913,5.15.1
2024-08-08 18:30:48,npx prisma generate --schema after-7-one-more-table.prisma,19.017895930,5.15.1
2024-08-08 18:33:09,npx prisma generate --schema schema8.prisma,140.935924692,5.15.1
2024-08-08 18:33:28,npx prisma generate --schema after-7-one-more-table.prisma,19.348749700,5.15.1
2024-08-08 18:35:49,npx prisma generate --schema schema8.prisma,140.947159946,5.15.1
2024-08-08 18:36:08,npx prisma generate --schema after-7-one-more-table.prisma,19.225067333,5.15.1
2024-08-08 18:38:32,npx prisma generate --schema schema8.prisma,143.101481461,5.15.1
2024-08-08 18:38:50,npx prisma generate --schema after-7-one-more-table.prisma,18.791315783,5.15.1
2024-08-08 18:41:11,npx prisma generate --schema schema8.prisma,140.547096643,5.15.1
2024-08-08 18:41:30,npx prisma generate --schema after-7-one-more-table.prisma,18.845858293,5.15.1
2024-08-08 18:43:52,npx prisma generate --schema schema8.prisma,141.911648225,5.15.1
2024-08-08 18:44:54,npx prisma generate --schema after-7-one-more-table.prisma,61.974115803,5.15.1
2024-08-08 18:47:12,npx prisma generate --schema schema8.prisma,138.850776772,5.15.1
2024-08-08 18:48:14,npx prisma generate --schema after-7-one-more-table.prisma,61.413790390,5.15.1
2024-08-08 18:50:35,npx prisma generate --schema schema8.prisma,140.733802768,5.15.1
2024-08-08 18:50:54,npx prisma generate --schema after-7-one-more-table.prisma,18.888197265,5.15.1
2024-08-08 18:53:17,npx prisma generate --schema schema8.prisma,143.328515742,5.15.1
2024-08-08 18:53:36,npx prisma generate --schema after-7-one-more-table.prisma,18.798510125,5.15.1
2024-08-08 18:55:56,npx prisma generate --schema schema8.prisma,140.565532422,5.15.1
2024-08-08 18:56:15,npx prisma generate --schema after-7-one-more-table.prisma,18.948159242,5.15.1
2024-08-08 18:58:35,npx prisma generate --schema schema8.prisma,140.034307216,5.15.1
2024-08-08 18:58:54,npx prisma generate --schema after-7-one-more-table.prisma,19.172505421,5.15.1
2024-08-08 19:01:15,npx prisma generate --schema schema8.prisma,140.434595990,5.15.1
2024-08-08 19:01:34,npx prisma generate --schema after-7-one-more-table.prisma,19.154704920,5.15.1
2024-08-08 19:03:56,npx prisma generate --schema schema8.prisma,141.662544276,5.15.1
2024-08-08 19:04:15,npx prisma generate --schema after-7-one-more-table.prisma,18.861633280,5.15.1
2024-08-08 19:06:35,npx prisma generate --schema schema8.prisma,140.841959781,5.15.1
2024-08-08 19:07:37,npx prisma generate --schema after-7-one-more-table.prisma,61.633344724,5.15.1
2024-08-08 19:09:57,npx prisma generate --schema schema8.prisma,140.485312296,5.15.1
2024-08-08 19:10:59,npx prisma generate --schema after-7-one-more-table.prisma,61.770982165,5.15.1
2024-08-08 19:13:19,npx prisma generate --schema schema8.prisma,139.705479482,5.15.1
2024-08-08 19:14:21,npx prisma generate --schema after-7-one-more-table.prisma,61.584282170,5.15.1
2024-08-08 19:16:42,npx prisma generate --schema schema8.prisma,141.031901007,5.15.1
2024-08-08 19:17:00,npx prisma generate --schema after-7-one-more-table.prisma,18.775035282,5.15.1
2024-08-08 19:19:20,npx prisma generate --schema schema8.prisma,139.303368216,5.15.1
2024-08-08 19:20:21,npx prisma generate --schema after-7-one-more-table.prisma,61.519330742,5.15.1
2024-08-08 19:22:40,npx prisma generate --schema schema8.prisma,139.075272653,5.15.1
2024-08-08 19:22:59,npx prisma generate --schema after-7-one-more-table.prisma,18.840540372,5.15.1
2024-08-08 19:25:19,npx prisma generate --schema schema8.prisma,140.123042136,5.15.1
2024-08-08 19:25:38,npx prisma generate --schema after-7-one-more-table.prisma,18.826624153,5.15.1
2024-08-08 19:27:57,npx prisma generate --schema schema8.prisma,138.894852995,5.15.1
2024-08-08 19:28:15,npx prisma generate --schema after-7-one-more-table.prisma,18.365927113,5.15.1
2024-08-08 19:30:35,npx prisma generate --schema schema8.prisma,139.671928522,5.15.1
2024-08-08 19:31:37,npx prisma generate --schema after-7-one-more-table.prisma,61.725689746,5.15.1
2024-08-08 19:33:57,npx prisma generate --schema schema8.prisma,139.949939721,5.15.1
2024-08-08 19:34:58,npx prisma generate --schema after-7-one-more-table.prisma,61.581628639,5.15.1
2024-08-08 19:37:19,npx prisma generate --schema schema8.prisma,140.523342694,5.15.1
2024-08-08 19:37:38,npx prisma generate --schema after-7-one-more-table.prisma,18.772761670,5.15.1
2024-08-08 19:39:58,npx prisma generate --schema schema8.prisma,140.037831766,5.15.1
2024-08-08 19:40:59,npx prisma generate --schema after-7-one-more-table.prisma,61.691735078,5.15.1
2024-08-08 19:43:20,npx prisma generate --schema schema8.prisma,140.672299472,5.15.1
2024-08-08 19:43:39,npx prisma generate --schema after-7-one-more-table.prisma,18.680034925,5.15.1
2024-08-08 19:46:01,npx prisma generate --schema schema8.prisma,142.729260115,5.15.1
2024-08-08 19:46:20,npx prisma generate --schema after-7-one-more-table.prisma,18.584262743,5.15.1
2024-08-08 19:48:41,npx prisma generate --schema schema8.prisma,140.546165881,5.15.1
2024-08-08 19:49:43,npx prisma generate --schema after-7-one-more-table.prisma,62.073654785,5.15.1
2024-08-08 19:52:05,npx prisma generate --schema schema8.prisma,141.844355958,5.15.1
2024-08-08 19:52:23,npx prisma generate --schema after-7-one-more-table.prisma,18.707750847,5.15.1
2024-08-08 19:54:43,npx prisma generate --schema schema8.prisma,139.979463015,5.15.1
2024-08-08 19:55:02,npx prisma generate --schema after-7-one-more-table.prisma,18.936643375,5.15.1
2024-08-08 19:57:23,npx prisma generate --schema schema8.prisma,140.995073426,5.15.1
2024-08-08 19:58:24,npx prisma generate --schema after-7-one-more-table.prisma,61.330309144,5.15.1
2024-08-08 20:00:44,npx prisma generate --schema schema8.prisma,139.329033023,5.15.1
2024-08-08 20:01:03,npx prisma generate --schema after-7-one-more-table.prisma,19.063161266,5.15.1
2024-08-08 20:03:24,npx prisma generate --schema schema8.prisma,140.880799453,5.15.1
2024-08-08 20:03:43,npx prisma generate --schema after-7-one-more-table.prisma,18.769199207,5.15.1
2024-08-08 20:06:02,npx prisma generate --schema schema8.prisma,139.071567549,5.15.1
2024-08-08 20:06:21,npx prisma generate --schema after-7-one-more-table.prisma,18.883632377,5.15.1
2024-08-08 20:08:40,npx prisma generate --schema schema8.prisma,139.586705565,5.15.1
2024-08-08 20:08:59,npx prisma generate --schema after-7-one-more-table.prisma,18.784708237,5.15.1
2024-08-08 20:11:19,npx prisma generate --schema schema8.prisma,140.558008015,5.15.1
2024-08-08 20:11:38,npx prisma generate --schema after-7-one-more-table.prisma,18.962767516,5.15.1
2024-08-08 20:14:01,npx prisma generate --schema schema8.prisma,142.125285377,5.15.1
2024-08-08 20:14:19,npx prisma generate --schema after-7-one-more-table.prisma,18.931391737,5.15.1
2024-08-08 20:16:42,npx prisma generate --schema schema8.prisma,142.231716049,5.15.1
2024-08-08 20:17:44,npx prisma generate --schema after-7-one-more-table.prisma,61.849360286,5.15.1
2024-08-08 20:20:04,npx prisma generate --schema schema8.prisma,139.947096105,5.15.1
2024-08-08 20:20:22,npx prisma generate --schema after-7-one-more-table.prisma,18.625810357,5.15.1
2024-08-08 20:22:43,npx prisma generate --schema schema8.prisma,140.526736657,5.15.1
2024-08-08 20:23:44,npx prisma generate --schema after-7-one-more-table.prisma,61.807022414,5.15.1
2024-08-08 20:26:07,npx prisma generate --schema schema8.prisma,142.709364137,5.15.1
2024-08-08 20:26:26,npx prisma generate --schema after-7-one-more-table.prisma,18.952508571,5.15.1
2024-08-08 20:28:49,npx prisma generate --schema schema8.prisma,142.637829727,5.15.1
2024-08-08 20:29:07,npx prisma generate --schema after-7-one-more-table.prisma,18.475323601,5.15.1
2024-08-08 20:31:27,npx prisma generate --schema schema8.prisma,139.673085132,5.15.1
2024-08-08 20:32:28,npx prisma generate --schema after-7-one-more-table.prisma,61.370302300,5.15.1
2024-08-08 20:34:47,npx prisma generate --schema schema8.prisma,138.736923494,5.15.1
2024-08-08 20:35:49,npx prisma generate --schema after-7-one-more-table.prisma,62.067425160,5.15.1
2024-08-08 20:38:08,npx prisma generate --schema schema8.prisma,138.629608164,5.15.1
2024-08-08 20:38:26,npx prisma generate --schema after-7-one-more-table.prisma,18.654659813,5.15.1
2024-08-08 20:40:49,npx prisma generate --schema schema8.prisma,142.502692021,5.15.1
2024-08-08 20:41:07,npx prisma generate --schema after-7-one-more-table.prisma,18.453622946,5.15.1
2024-08-08 20:43:27,npx prisma generate --schema schema8.prisma,139.501169186,5.15.1
2024-08-08 20:43:46,npx prisma generate --schema after-7-one-more-table.prisma,18.763806713,5.15.1
2024-08-08 20:46:05,npx prisma generate --schema schema8.prisma,139.808380553,5.15.1
2024-08-08 20:46:24,npx prisma generate --schema after-7-one-more-table.prisma,18.939252181,5.15.1
2024-08-08 20:48:44,npx prisma generate --schema schema8.prisma,139.955816148,5.15.1
2024-08-08 20:49:46,npx prisma generate --schema after-7-one-more-table.prisma,61.740813807,5.15.1
2024-08-08 20:52:07,npx prisma generate --schema schema8.prisma,140.427549572,5.15.1
2024-08-08 20:52:26,npx prisma generate --schema after-7-one-more-table.prisma,18.960782807,5.15.1
2024-08-08 20:54:45,npx prisma generate --schema schema8.prisma,139.529428126,5.15.1
2024-08-08 20:55:04,npx prisma generate --schema after-7-one-more-table.prisma,18.618330202,5.15.1
2024-08-08 20:57:23,npx prisma generate --schema schema8.prisma,139.212973742,5.15.1
2024-08-08 20:57:42,npx prisma generate --schema after-7-one-more-table.prisma,18.930171574,5.15.1
2024-08-08 21:00:03,npx prisma generate --schema schema8.prisma,141.120384842,5.15.1
2024-08-08 21:00:22,npx prisma generate --schema after-7-one-more-table.prisma,18.886217124,5.15.1
2024-08-08 21:02:43,npx prisma generate --schema schema8.prisma,141.364218307,5.15.1
2024-08-08 21:03:02,npx prisma generate --schema after-7-one-more-table.prisma,18.608414326,5.15.1
2024-08-08 21:05:22,npx prisma generate --schema schema8.prisma,139.750257502,5.15.1
2024-08-08 21:05:40,npx prisma generate --schema after-7-one-more-table.prisma,18.434726949,5.15.1
2024-08-08 21:08:00,npx prisma generate --schema schema8.prisma,140.309603662,5.15.1
2024-08-08 21:08:19,npx prisma generate --schema after-7-one-more-table.prisma,18.941586372,5.15.1
2024-08-08 21:10:38,npx prisma generate --schema schema8.prisma,139.163722090,5.15.1
2024-08-08 21:11:40,npx prisma generate --schema after-7-one-more-table.prisma,62.031832582,5.15.1
2024-08-08 21:14:02,npx prisma generate --schema schema8.prisma,141.554021318,5.15.1
2024-08-08 21:15:03,npx prisma generate --schema after-7-one-more-table.prisma,61.434848271,5.15.1
2024-08-08 21:17:23,npx prisma generate --schema schema8.prisma,139.122469557,5.15.1
2024-08-08 21:17:41,npx prisma generate --schema after-7-one-more-table.prisma,18.413190279,5.15.1
2024-08-08 21:20:02,npx prisma generate --schema schema8.prisma,140.699186278,5.15.1
2024-08-08 21:20:20,npx prisma generate --schema after-7-one-more-table.prisma,18.624301597,5.15.1
2024-08-08 21:22:43,npx prisma generate --schema schema8.prisma,142.507745903,5.15.1
2024-08-08 21:23:45,npx prisma generate --schema after-7-one-more-table.prisma,61.729939886,5.15.1
2024-08-08 21:26:04,npx prisma generate --schema schema8.prisma,139.746904320,5.15.1
2024-08-08 21:26:23,npx prisma generate --schema after-7-one-more-table.prisma,18.660610060,5.15.1
2024-08-08 21:28:43,npx prisma generate --schema schema8.prisma,140.045414876,5.15.1
2024-08-08 21:29:44,npx prisma generate --schema after-7-one-more-table.prisma,61.134509893,5.15.1
2024-08-08 21:32:05,npx prisma generate --schema schema8.prisma,140.551946410,5.15.1
2024-08-08 21:32:23,npx prisma generate --schema after-7-one-more-table.prisma,18.445111241,5.15.1
2024-08-08 21:34:42,npx prisma generate --schema schema8.prisma,139.220060383,5.15.1
2024-08-08 21:35:01,npx prisma generate --schema after-7-one-more-table.prisma,18.656029632,5.15.1
2024-08-08 21:37:22,npx prisma generate --schema schema8.prisma,141.256695996,5.15.1
2024-08-08 21:37:41,npx prisma generate --schema after-7-one-more-table.prisma,18.826723663,5.15.1
2024-08-08 21:40:02,npx prisma generate --schema schema8.prisma,140.927325132,5.15.1
2024-08-08 21:40:21,npx prisma generate --schema after-7-one-more-table.prisma,18.825396604,5.15.1
2024-08-08 21:42:43,npx prisma generate --schema schema8.prisma,141.763107235,5.15.1
2024-08-08 21:43:02,npx prisma generate --schema after-7-one-more-table.prisma,18.804957540,5.15.1
2024-08-08 21:45:21,npx prisma generate --schema schema8.prisma,139.174450610,5.15.1
2024-08-08 21:45:39,npx prisma generate --schema after-7-one-more-table.prisma,18.405724210,5.15.1
2024-08-08 21:48:01,npx prisma generate --schema schema8.prisma,142.313307405,5.15.1
2024-08-08 21:48:20,npx prisma generate --schema after-7-one-more-table.prisma,18.871969100,5.15.1
2024-08-08 21:50:32,npx prisma generate --schema schema8.prisma,131.434304253,5.15.1
2024-08-08 21:51:34,npx prisma generate --schema after-7-one-more-table.prisma,62.475999677,5.15.1
2024-08-08 21:53:53,npx prisma generate --schema schema8.prisma,139.169115135,5.15.1
2024-08-08 21:54:12,npx prisma generate --schema after-7-one-more-table.prisma,18.776801467,5.15.1
2024-08-08 21:56:32,npx prisma generate --schema schema8.prisma,139.507504366,5.15.1
2024-08-08 21:56:50,npx prisma generate --schema after-7-one-more-table.prisma,18.661320841,5.15.1
2024-08-08 21:59:11,npx prisma generate --schema schema8.prisma,140.969731412,5.15.1
2024-08-08 21:59:30,npx prisma generate --schema after-7-one-more-table.prisma,18.895359702,5.15.1
2024-08-08 22:01:50,npx prisma generate --schema schema8.prisma,140.206859904,5.15.1
2024-08-08 22:02:09,npx prisma generate --schema after-7-one-more-table.prisma,19.033883868,5.15.1
2024-08-08 22:04:29,npx prisma generate --schema schema8.prisma,139.769814337,5.15.1
2024-08-08 22:04:48,npx prisma generate --schema after-7-one-more-table.prisma,19.044309337,5.15.1
2024-08-08 22:07:11,npx prisma generate --schema schema8.prisma,143.003727845,5.15.1
2024-08-08 22:08:13,npx prisma generate --schema after-7-one-more-table.prisma,61.673804189,5.15.1
2024-08-08 22:10:33,npx prisma generate --schema schema8.prisma,139.680417309,5.15.1
2024-08-08 22:10:52,npx prisma generate --schema after-7-one-more-table.prisma,18.860111442,5.15.1
2024-08-08 22:13:13,npx prisma generate --schema schema8.prisma,141.387987716,5.15.1
2024-08-08 22:14:15,npx prisma generate --schema after-7-one-more-table.prisma,61.987566281,5.15.1
2024-08-08 22:16:35,npx prisma generate --schema schema8.prisma,140.070770877,5.15.1
2024-08-08 22:16:53,npx prisma generate --schema after-7-one-more-table.prisma,18.453120878,5.15.1
2024-08-08 22:19:13,npx prisma generate --schema schema8.prisma,139.207285234,5.15.1
2024-08-08 22:19:31,npx prisma generate --schema after-7-one-more-table.prisma,18.646715972,5.15.1
2024-08-08 22:21:52,npx prisma generate --schema schema8.prisma,141.100811994,5.15.1
2024-08-08 22:22:11,npx prisma generate --schema after-7-one-more-table.prisma,18.972811886,5.15.1
2024-08-08 22:24:32,npx prisma generate --schema schema8.prisma,140.255421978,5.15.1
2024-08-08 22:24:50,npx prisma generate --schema after-7-one-more-table.prisma,18.774585447,5.15.1
2024-08-08 22:27:10,npx prisma generate --schema schema8.prisma,139.391779532,5.15.1
2024-08-08 22:27:29,npx prisma generate --schema after-7-one-more-table.prisma,18.765242946,5.15.1
2024-08-08 22:29:49,npx prisma generate --schema schema8.prisma,139.995128802,5.15.1
2024-08-08 22:30:51,npx prisma generate --schema after-7-one-more-table.prisma,61.968285133,5.15.1
2024-08-08 22:33:10,npx prisma generate --schema schema8.prisma,139.298114575,5.15.1
2024-08-08 22:34:11,npx prisma generate --schema after-7-one-more-table.prisma,61.432149422,5.15.1
2024-08-08 22:36:34,npx prisma generate --schema schema8.prisma,142.722651407,5.15.1
2024-08-08 22:37:36,npx prisma generate --schema after-7-one-more-table.prisma,62.240206520,5.15.1
2024-08-08 22:39:59,npx prisma generate --schema schema8.prisma,142.991403860,5.15.1
2024-08-08 22:40:18,npx prisma generate --schema after-7-one-more-table.prisma,19.017858346,5.15.1
2024-08-08 22:42:39,npx prisma generate --schema schema8.prisma,140.840285226,5.15.1
2024-08-08 22:43:42,npx prisma generate --schema after-7-one-more-table.prisma,62.367908725,5.15.1
2024-08-08 22:46:03,npx prisma generate --schema schema8.prisma,141.007320141,5.15.1
2024-08-08 22:46:22,npx prisma generate --schema after-7-one-more-table.prisma,19.045499973,5.15.1
2024-08-08 22:48:43,npx prisma generate --schema schema8.prisma,141.025165246,5.15.1
2024-08-08 22:49:02,npx prisma generate --schema after-7-one-more-table.prisma,19.168721122,5.15.1
2024-08-08 22:51:24,npx prisma generate --schema schema8.prisma,142.461209515,5.15.1
2024-08-08 22:51:43,npx prisma generate --schema after-7-one-more-table.prisma,18.896230616,5.15.1
2024-08-08 22:54:03,npx prisma generate --schema schema8.prisma,140.325931128,5.15.1
2024-08-08 22:54:22,npx prisma generate --schema after-7-one-more-table.prisma,18.917393270,5.15.1
2024-08-08 22:56:45,npx prisma generate --schema schema8.prisma,142.750875222,5.15.1
2024-08-08 22:57:47,npx prisma generate --schema after-7-one-more-table.prisma,62.098010588,5.15.1
2024-08-08 23:00:15,npx prisma generate --schema schema8.prisma,147.492930936,5.15.1
2024-08-08 23:01:19,npx prisma generate --schema after-7-one-more-table.prisma,64.613820830,5.15.1
2024-08-08 23:03:47,npx prisma generate --schema schema8.prisma,147.779233307,5.15.1
2024-08-08 23:04:51,npx prisma generate --schema after-7-one-more-table.prisma,64.026659961,5.15.1
2024-08-08 23:07:17,npx prisma generate --schema schema8.prisma,145.470516166,5.15.1
2024-08-08 23:08:21,npx prisma generate --schema after-7-one-more-table.prisma,64.190199958,5.15.1
2024-08-08 23:10:46,npx prisma generate --schema schema8.prisma,145.614902603,5.15.1
2024-08-08 23:11:51,npx prisma generate --schema after-7-one-more-table.prisma,64.198611281,5.15.1
2024-08-08 23:14:16,npx prisma generate --schema schema8.prisma,144.947876874,5.15.1
2024-08-08 23:15:19,npx prisma generate --schema after-7-one-more-table.prisma,63.577464313,5.15.1
2024-08-08 23:17:43,npx prisma generate --schema schema8.prisma,143.964385638,5.15.1
2024-08-08 23:18:47,npx prisma generate --schema after-7-one-more-table.prisma,63.462447047,5.15.1
2024-08-08 23:21:13,npx prisma generate --schema schema8.prisma,146.406616518,5.15.1
2024-08-08 23:21:32,npx prisma generate --schema after-7-one-more-table.prisma,18.582850263,5.15.1
2024-08-08 23:23:53,npx prisma generate --schema schema8.prisma,140.896557654,5.15.1
2024-08-08 23:24:55,npx prisma generate --schema after-7-one-more-table.prisma,62.353070416,5.15.1
2024-08-08 23:27:10,npx prisma generate --schema schema8.prisma,135.451743300,5.15.1
2024-08-08 23:27:30,npx prisma generate --schema after-7-one-more-table.prisma,19.463955118,5.15.1
2024-08-08 23:29:55,npx prisma generate --schema schema8.prisma,144.939368389,5.15.1
2024-08-08 23:30:14,npx prisma generate --schema after-7-one-more-table.prisma,19.588519997,5.15.1
2024-08-08 23:32:37,npx prisma generate --schema schema8.prisma,142.548920975,5.15.1
2024-08-08 23:32:56,npx prisma generate --schema after-7-one-more-table.prisma,19.069243514,5.15.1
2024-08-08 23:35:18,npx prisma generate --schema schema8.prisma,142.337873977,5.15.1
2024-08-08 23:35:38,npx prisma generate --schema after-7-one-more-table.prisma,19.656709191,5.15.1
2024-08-08 23:38:01,npx prisma generate --schema schema8.prisma,143.162471742,5.15.1
2024-08-08 23:39:04,npx prisma generate --schema after-7-one-more-table.prisma,62.953315387,5.15.1
2024-08-08 23:41:28,npx prisma generate --schema schema8.prisma,143.593912135,5.15.1
2024-08-08 23:41:47,npx prisma generate --schema after-7-one-more-table.prisma,19.396052322,5.15.1
2024-08-08 23:44:13,npx prisma generate --schema schema8.prisma,145.803690446,5.15.1
2024-08-08 23:44:32,npx prisma generate --schema after-7-one-more-table.prisma,19.079686434,5.15.1
2024-08-08 23:46:53,npx prisma generate --schema schema8.prisma,141.027951395,5.15.1
2024-08-08 23:47:13,npx prisma generate --schema after-7-one-more-table.prisma,19.469078645,5.15.1
2024-08-08 23:49:36,npx prisma generate --schema schema8.prisma,143.360012149,5.15.1
2024-08-08 23:50:38,npx prisma generate --schema after-7-one-more-table.prisma,61.967548465,5.15.1
2024-08-08 23:52:58,npx prisma generate --schema schema8.prisma,139.742983983,5.15.1
2024-08-08 23:53:16,npx prisma generate --schema after-7-one-more-table.prisma,18.707673132,5.15.1
2024-08-08 23:55:35,npx prisma generate --schema schema8.prisma,138.735464488,5.15.1
2024-08-08 23:55:54,npx prisma generate --schema after-7-one-more-table.prisma,18.890722906,5.15.1
2024-08-08 23:58:16,npx prisma generate --schema schema8.prisma,141.699921065,5.15.1
2024-08-08 23:59:18,npx prisma generate --schema after-7-one-more-table.prisma,62.525525054,5.15.1
2024-08-09 00:01:39,npx prisma generate --schema schema8.prisma,140.866437704,5.15.1
2024-08-09 00:01:58,npx prisma generate --schema after-7-one-more-table.prisma,19.195361225,5.15.1
2024-08-09 00:04:19,npx prisma generate --schema schema8.prisma,140.583035852,5.15.1
2024-08-09 00:05:21,npx prisma generate --schema after-7-one-more-table.prisma,62.013966299,5.15.1
2024-08-09 00:07:45,npx prisma generate --schema schema8.prisma,144.110914332,5.15.1
2024-08-09 00:08:50,npx prisma generate --schema after-7-one-more-table.prisma,65.132677049,5.15.1
2024-08-09 00:11:14,npx prisma generate --schema schema8.prisma,143.804672959,5.15.1
2024-08-09 00:11:33,npx prisma generate --schema after-7-one-more-table.prisma,19.266068656,5.15.1
2024-08-09 00:13:55,npx prisma generate --schema schema8.prisma,141.598495589,5.15.1
2024-08-09 00:14:14,npx prisma generate --schema after-7-one-more-table.prisma,19.291892367,5.15.1
2024-08-09 00:16:38,npx prisma generate --schema schema8.prisma,143.700171090,5.15.1
2024-08-09 00:17:44,npx prisma generate --schema after-7-one-more-table.prisma,66.616587849,5.15.1
2024-08-09 00:20:15,npx prisma generate --schema schema8.prisma,150.270081612,5.15.1
2024-08-09 00:20:35,npx prisma generate --schema after-7-one-more-table.prisma,20.800648733,5.15.1
2024-08-09 00:23:05,npx prisma generate --schema schema8.prisma,149.909844540,5.15.1
2024-08-09 00:23:26,npx prisma generate --schema after-7-one-more-table.prisma,20.380410220,5.15.1
2024-08-09 00:25:58,npx prisma generate --schema schema8.prisma,151.733684212,5.15.1
2024-08-09 00:27:05,npx prisma generate --schema after-7-one-more-table.prisma,67.443908883,5.15.1
2024-08-09 00:29:34,npx prisma generate --schema schema8.prisma,149.505276722,5.15.1
2024-08-09 00:29:54,npx prisma generate --schema after-7-one-more-table.prisma,19.487626821,5.15.1
2024-08-09 00:32:16,npx prisma generate --schema schema8.prisma,141.842322920,5.15.1
2024-08-09 00:32:35,npx prisma generate --schema after-7-one-more-table.prisma,19.146982608,5.15.1
2024-08-09 00:34:57,npx prisma generate --schema schema8.prisma,141.646928151,5.15.1
2024-08-09 00:35:15,npx prisma generate --schema after-7-one-more-table.prisma,18.784390866,5.15.1
2024-08-09 00:37:37,npx prisma generate --schema schema8.prisma,141.900660799,5.15.1
2024-08-09 00:37:56,npx prisma generate --schema after-7-one-more-table.prisma,18.826153070,5.15.1
2024-08-09 00:40:18,npx prisma generate --schema schema8.prisma,142.206958311,5.15.1
2024-08-09 00:40:37,npx prisma generate --schema after-7-one-more-table.prisma,18.712736746,5.15.1
2024-08-09 00:42:56,npx prisma generate --schema schema8.prisma,139.121650344,5.15.1
2024-08-09 00:43:15,npx prisma generate --schema after-7-one-more-table.prisma,18.663510550,5.15.1
2024-08-09 00:45:34,npx prisma generate --schema schema8.prisma,139.484497041,5.15.1
2024-08-09 00:45:53,npx prisma generate --schema after-7-one-more-table.prisma,18.655447488,5.15.1
2024-08-09 00:48:12,npx prisma generate --schema schema8.prisma,138.655237348,5.15.1
2024-08-09 00:48:30,npx prisma generate --schema after-7-one-more-table.prisma,18.749700582,5.15.1
2024-08-09 00:50:49,npx prisma generate --schema schema8.prisma,138.888169523,5.15.1
2024-08-09 00:51:08,npx prisma generate --schema after-7-one-more-table.prisma,18.583712810,5.15.1
2024-08-09 00:53:28,npx prisma generate --schema schema8.prisma,139.874994348,5.15.1
2024-08-09 00:53:47,npx prisma generate --schema after-7-one-more-table.prisma,18.858295516,5.15.1
2024-08-09 00:56:06,npx prisma generate --schema schema8.prisma,139.739443021,5.15.1
2024-08-09 00:56:25,npx prisma generate --schema after-7-one-more-table.prisma,18.670884402,5.15.1
2024-08-09 00:58:44,npx prisma generate --schema schema8.prisma,139.267819198,5.15.1
2024-08-09 00:59:03,npx prisma generate --schema after-7-one-more-table.prisma,18.400524993,5.15.1
2024-08-09 01:01:13,npx prisma generate --schema schema8.prisma,130.617774059,5.15.1
2024-08-09 01:01:32,npx prisma generate --schema after-7-one-more-table.prisma,18.707902352,5.15.1
2024-08-09 01:03:51,npx prisma generate --schema schema8.prisma,138.919414292,5.15.1
2024-08-09 01:04:10,npx prisma generate --schema after-7-one-more-table.prisma,18.617058715,5.15.1
2024-08-09 01:06:31,npx prisma generate --schema schema8.prisma,141.254058012,5.15.1
2024-08-09 01:06:50,npx prisma generate --schema after-7-one-more-table.prisma,18.673742873,5.15.1
2024-08-09 01:09:11,npx prisma generate --schema schema8.prisma,141.809740736,5.15.1
2024-08-09 01:09:30,npx prisma generate --schema after-7-one-more-table.prisma,18.561727933,5.15.1
2024-08-09 01:11:49,npx prisma generate --schema schema8.prisma,138.821044489,5.15.1
2024-08-09 01:12:50,npx prisma generate --schema after-7-one-more-table.prisma,61.134709202,5.15.1
2024-08-09 01:15:08,npx prisma generate --schema schema8.prisma,138.391271812,5.15.1
2024-08-09 01:15:27,npx prisma generate --schema after-7-one-more-table.prisma,18.474785060,5.15.1
2024-08-09 01:17:47,npx prisma generate --schema schema8.prisma,139.879845983,5.15.1
2024-08-09 01:18:06,npx prisma generate --schema after-7-one-more-table.prisma,18.845816917,5.15.1
2024-08-09 01:20:24,npx prisma generate --schema schema8.prisma,138.864296644,5.15.1
2024-08-09 01:20:43,npx prisma generate --schema after-7-one-more-table.prisma,18.841194379,5.15.1
2024-08-09 01:23:04,npx prisma generate --schema schema8.prisma,140.333333231,5.15.1
2024-08-09 01:23:22,npx prisma generate --schema after-7-one-more-table.prisma,18.746139310,5.15.1
2024-08-09 01:25:42,npx prisma generate --schema schema8.prisma,139.831777520,5.15.1
2024-08-09 01:26:01,npx prisma generate --schema after-7-one-more-table.prisma,18.472977590,5.15.1
2024-08-09 01:28:19,npx prisma generate --schema schema8.prisma,138.696731993,5.15.1
2024-08-09 01:28:38,npx prisma generate --schema after-7-one-more-table.prisma,18.239749390,5.15.1
2024-08-09 01:30:59,npx prisma generate --schema schema8.prisma,141.896863038,5.15.1
2024-08-09 01:31:18,npx prisma generate --schema after-7-one-more-table.prisma,18.540613219,5.15.1
2024-08-09 01:33:40,npx prisma generate --schema schema8.prisma,142.134794620,5.15.1
2024-08-09 01:33:59,npx prisma generate --schema after-7-one-more-table.prisma,18.654960775,5.15.1
2024-08-09 01:36:19,npx prisma generate --schema schema8.prisma,140.067188873,5.15.1
2024-08-09 01:36:38,npx prisma generate --schema after-7-one-more-table.prisma,18.727195590,5.15.1
2024-08-09 01:38:58,npx prisma generate --schema schema8.prisma,140.131331207,5.15.1
2024-08-09 01:39:59,npx prisma generate --schema after-7-one-more-table.prisma,61.526291249,5.15.1
2024-08-09 01:42:19,npx prisma generate --schema schema8.prisma,139.876502577,5.15.1
2024-08-09 01:42:38,npx prisma generate --schema after-7-one-more-table.prisma,18.445846254,5.15.1
2024-08-09 01:45:00,npx prisma generate --schema schema8.prisma,142.056688410,5.15.1
2024-08-09 01:45:19,npx prisma generate --schema after-7-one-more-table.prisma,19.054262924,5.15.1
2024-08-09 01:47:39,npx prisma generate --schema schema8.prisma,140.229548321,5.15.1
2024-08-09 01:47:58,npx prisma generate --schema after-7-one-more-table.prisma,18.624141738,5.15.1
2024-08-09 01:50:16,npx prisma generate --schema schema8.prisma,138.528711716,5.15.1
2024-08-09 01:50:35,npx prisma generate --schema after-7-one-more-table.prisma,18.842809266,5.15.1
2024-08-09 01:52:54,npx prisma generate --schema schema8.prisma,138.969600889,5.15.1
2024-08-09 01:53:55,npx prisma generate --schema after-7-one-more-table.prisma,61.360858320,5.15.1
2024-08-09 01:56:14,npx prisma generate --schema schema8.prisma,138.758414137,5.15.1
2024-08-09 01:56:33,npx prisma generate --schema after-7-one-more-table.prisma,18.686243432,5.15.1
2024-08-09 01:58:52,npx prisma generate --schema schema8.prisma,138.854299957,5.15.1
2024-08-09 01:59:10,npx prisma generate --schema after-7-one-more-table.prisma,18.718024484,5.15.1
2024-08-09 02:01:30,npx prisma generate --schema schema8.prisma,139.389237015,5.15.1
2024-08-09 02:01:49,npx prisma generate --schema after-7-one-more-table.prisma,18.816956865,5.15.1
2024-08-09 02:04:08,npx prisma generate --schema schema8.prisma,139.222357503,5.15.1
2024-08-09 02:04:27,npx prisma generate --schema after-7-one-more-table.prisma,19.019892333,5.15.1
2024-08-09 02:06:47,npx prisma generate --schema schema8.prisma,140.077949445,5.15.1
2024-08-09 02:07:05,npx prisma generate --schema after-7-one-more-table.prisma,18.442237578,5.15.1
2024-08-09 02:09:28,npx prisma generate --schema schema8.prisma,142.316710929,5.15.1
2024-08-09 02:09:46,npx prisma generate --schema after-7-one-more-table.prisma,18.379191385,5.15.1
2024-08-09 02:12:06,npx prisma generate --schema schema8.prisma,139.717298220,5.15.1
2024-08-09 02:12:24,npx prisma generate --schema after-7-one-more-table.prisma,18.653708090,5.15.1
2024-08-09 02:14:43,npx prisma generate --schema schema8.prisma,138.816011425,5.15.1
2024-08-09 02:15:44,npx prisma generate --schema after-7-one-more-table.prisma,61.210468475,5.15.1
2024-08-09 02:18:03,npx prisma generate --schema schema8.prisma,138.505132347,5.15.1
2024-08-09 02:18:21,npx prisma generate --schema after-7-one-more-table.prisma,18.406107619,5.15.1
2024-08-09 02:20:41,npx prisma generate --schema schema8.prisma,140.110729614,5.15.1
2024-08-09 02:21:00,npx prisma generate --schema after-7-one-more-table.prisma,18.634485068,5.15.1
2024-08-09 02:23:20,npx prisma generate --schema schema8.prisma,139.536077498,5.15.1
2024-08-09 02:23:38,npx prisma generate --schema after-7-one-more-table.prisma,18.573394305,5.15.1
2024-08-09 02:25:58,npx prisma generate --schema schema8.prisma,140.135176461,5.15.1
2024-08-09 02:27:00,npx prisma generate --schema after-7-one-more-table.prisma,61.553945541,5.15.1
2024-08-09 02:29:21,npx prisma generate --schema schema8.prisma,141.258658726,5.15.1
2024-08-09 02:29:40,npx prisma generate --schema after-7-one-more-table.prisma,18.706973218,5.15.1
2024-08-09 02:31:59,npx prisma generate --schema schema8.prisma,138.641859979,5.15.1
2024-08-09 02:32:18,npx prisma generate --schema after-7-one-more-table.prisma,19.026762133,5.15.1
2024-08-09 02:34:36,npx prisma generate --schema schema8.prisma,138.694995189,5.15.1
2024-08-09 02:34:55,npx prisma generate --schema after-7-one-more-table.prisma,18.783950603,5.15.1
2024-08-09 02:37:14,npx prisma generate --schema schema8.prisma,138.447918010,5.15.1
2024-08-09 02:37:32,npx prisma generate --schema after-7-one-more-table.prisma,18.616112366,5.15.1
2024-08-09 02:39:51,npx prisma generate --schema schema8.prisma,139.090288024,5.15.1
2024-08-09 02:40:10,npx prisma generate --schema after-7-one-more-table.prisma,18.692326034,5.15.1
2024-08-09 02:42:32,npx prisma generate --schema schema8.prisma,141.776967943,5.15.1
2024-08-09 02:43:33,npx prisma generate --schema after-7-one-more-table.prisma,61.274699095,5.15.1
2024-08-09 02:45:54,npx prisma generate --schema schema8.prisma,141.406889594,5.15.1
2024-08-09 02:46:13,npx prisma generate --schema after-7-one-more-table.prisma,18.588246559,5.15.1
2024-08-09 02:48:32,npx prisma generate --schema schema8.prisma,138.611910185,5.15.1
2024-08-09 02:48:50,npx prisma generate --schema after-7-one-more-table.prisma,18.561149157,5.15.1
2024-08-09 02:51:10,npx prisma generate --schema schema8.prisma,140.277156152,5.15.1
2024-08-09 02:52:11,npx prisma generate --schema after-7-one-more-table.prisma,60.893276199,5.15.1
2024-08-09 02:54:31,npx prisma generate --schema schema8.prisma,139.320739172,5.15.1
2024-08-09 02:54:49,npx prisma generate --schema after-7-one-more-table.prisma,18.657675650,5.15.1
2024-08-09 02:57:08,npx prisma generate --schema schema8.prisma,138.815262918,5.15.1
2024-08-09 02:57:27,npx prisma generate --schema after-7-one-more-table.prisma,18.488479122,5.15.1
2024-08-09 02:59:46,npx prisma generate --schema schema8.prisma,139.320827295,5.15.1
2024-08-09 03:00:04,npx prisma generate --schema after-7-one-more-table.prisma,18.273378466,5.15.1
2024-08-09 03:02:26,npx prisma generate --schema schema8.prisma,142.092882361,5.15.1
2024-08-09 03:02:45,npx prisma generate --schema after-7-one-more-table.prisma,18.833914654,5.15.1
2024-08-09 03:05:06,npx prisma generate --schema schema8.prisma,140.380054145,5.15.1
2024-08-09 03:05:24,npx prisma generate --schema after-7-one-more-table.prisma,18.408602892,5.15.1
2024-08-09 03:07:43,npx prisma generate --schema schema8.prisma,139.320798758,5.15.1
2024-08-09 03:08:02,npx prisma generate --schema after-7-one-more-table.prisma,18.566758198,5.15.1
2024-08-09 03:10:23,npx prisma generate --schema schema8.prisma,140.851876177,5.15.1
2024-08-09 03:10:41,npx prisma generate --schema after-7-one-more-table.prisma,18.605405563,5.15.1
2024-08-09 03:13:03,npx prisma generate --schema schema8.prisma,141.745721833,5.15.1
2024-08-09 03:14:04,npx prisma generate --schema after-7-one-more-table.prisma,61.011042032,5.15.1
2024-08-09 03:16:23,npx prisma generate --schema schema8.prisma,138.714705605,5.15.1
2024-08-09 03:16:41,npx prisma generate --schema after-7-one-more-table.prisma,18.570845061,5.15.1
2024-08-09 03:19:01,npx prisma generate --schema schema8.prisma,139.641020502,5.15.1
2024-08-09 03:19:20,npx prisma generate --schema after-7-one-more-table.prisma,18.934027589,5.15.1
2024-08-09 03:21:41,npx prisma generate --schema schema8.prisma,140.546672715,5.15.1
2024-08-09 03:21:59,npx prisma generate --schema after-7-one-more-table.prisma,18.721118539,5.15.1
2024-08-09 03:24:20,npx prisma generate --schema schema8.prisma,140.580696381,5.15.1
2024-08-09 03:24:39,npx prisma generate --schema after-7-one-more-table.prisma,18.983044037,5.15.1
2024-08-09 03:27:00,npx prisma generate --schema schema8.prisma,141.586408051,5.15.1
2024-08-09 03:27:19,npx prisma generate --schema after-7-one-more-table.prisma,18.418258481,5.15.1
2024-08-09 03:29:37,npx prisma generate --schema schema8.prisma,138.412937780,5.15.1
2024-08-09 03:29:56,npx prisma generate --schema after-7-one-more-table.prisma,18.775088362,5.15.1
2024-08-09 03:32:15,npx prisma generate --schema schema8.prisma,138.646285522,5.15.1
2024-08-09 03:32:33,npx prisma generate --schema after-7-one-more-table.prisma,18.682446436,5.15.1
2024-08-09 03:34:52,npx prisma generate --schema schema8.prisma,138.744720978,5.15.1
2024-08-09 03:35:11,npx prisma generate --schema after-7-one-more-table.prisma,18.551303315,5.15.1
2024-08-09 03:37:29,npx prisma generate --schema schema8.prisma,138.645146459,5.15.1
2024-08-09 03:37:48,npx prisma generate --schema after-7-one-more-table.prisma,18.457808649,5.15.1
2024-08-09 03:40:08,npx prisma generate --schema schema8.prisma,139.926371385,5.15.1
2024-08-09 03:40:27,npx prisma generate --schema after-7-one-more-table.prisma,18.896777137,5.15.1
2024-08-09 03:42:46,npx prisma generate --schema schema8.prisma,138.872417173,5.15.1
2024-08-09 03:43:04,npx prisma generate --schema after-7-one-more-table.prisma,18.798801524,5.15.1
2024-08-09 03:45:25,npx prisma generate --schema schema8.prisma,140.245021849,5.15.1
2024-08-09 03:45:43,npx prisma generate --schema after-7-one-more-table.prisma,18.645033897,5.15.1
2024-08-09 03:48:05,npx prisma generate --schema schema8.prisma,142.139460093,5.15.1
2024-08-09 03:48:24,npx prisma generate --schema after-7-one-more-table.prisma,18.523287229,5.15.1
2024-08-09 03:50:46,npx prisma generate --schema schema8.prisma,141.918443568,5.15.1
2024-08-09 03:51:04,npx prisma generate --schema after-7-one-more-table.prisma,18.508789063,5.15.1
2024-08-09 03:53:23,npx prisma generate --schema schema8.prisma,138.559656461,5.15.1
2024-08-09 03:53:42,npx prisma generate --schema after-7-one-more-table.prisma,18.727028221,5.15.1
2024-08-09 03:56:02,npx prisma generate --schema schema8.prisma,140.344872378,5.15.1
2024-08-09 03:57:04,npx prisma generate --schema after-7-one-more-table.prisma,62.103866391,5.15.1
2024-08-09 03:59:23,npx prisma generate --schema schema8.prisma,139.217665312,5.15.1
2024-08-09 03:59:42,npx prisma generate --schema after-7-one-more-table.prisma,18.557948717,5.15.1
2024-08-09 04:02:03,npx prisma generate --schema schema8.prisma,141.236537841,5.15.1
2024-08-09 04:03:06,npx prisma generate --schema after-7-one-more-table.prisma,62.476644898,5.15.1
2024-08-09 04:05:26,npx prisma generate --schema schema8.prisma,140.863847644,5.15.1
2024-08-09 04:05:46,npx prisma generate --schema after-7-one-more-table.prisma,19.078863679,5.15.1
2024-08-09 04:08:10,npx prisma generate --schema schema8.prisma,144.274492697,5.15.1
2024-08-09 04:08:29,npx prisma generate --schema after-7-one-more-table.prisma,18.892434421,5.15.1
2024-08-09 04:10:48,npx prisma generate --schema schema8.prisma,139.114292776,5.15.1
2024-08-09 04:11:06,npx prisma generate --schema after-7-one-more-table.prisma,18.557873605,5.15.1
2024-08-09 04:13:25,npx prisma generate --schema schema8.prisma,138.943534843,5.15.1
2024-08-09 04:13:44,npx prisma generate --schema after-7-one-more-table.prisma,18.725507892,5.15.1
2024-08-09 04:16:03,npx prisma generate --schema schema8.prisma,139.243779871,5.15.1
2024-08-09 04:16:22,npx prisma generate --schema after-7-one-more-table.prisma,18.665199647,5.15.1
2024-08-09 04:18:41,npx prisma generate --schema schema8.prisma,139.073063626,5.15.1
2024-08-09 04:19:00,npx prisma generate --schema after-7-one-more-table.prisma,18.630723064,5.15.1
2024-08-09 04:21:12,npx prisma generate --schema schema8.prisma,131.986061796,5.15.1
2024-08-09 04:21:30,npx prisma generate --schema after-7-one-more-table.prisma,18.447344692,5.15.1
2024-08-09 04:23:50,npx prisma generate --schema schema8.prisma,139.778951379,5.15.1
2024-08-09 04:24:09,npx prisma generate --schema after-7-one-more-table.prisma,18.653042191,5.15.1
2024-08-09 04:26:29,npx prisma generate --schema schema8.prisma,140.742568350,5.15.1
2024-08-09 04:26:48,npx prisma generate --schema after-7-one-more-table.prisma,18.806291529,5.15.1
2024-08-09 04:29:08,npx prisma generate --schema schema8.prisma,139.644846481,5.15.1
2024-08-09 04:29:26,npx prisma generate --schema after-7-one-more-table.prisma,18.671145678,5.15.1
2024-08-09 04:31:46,npx prisma generate --schema schema8.prisma,139.806140369,5.15.1
2024-08-09 04:32:05,npx prisma generate --schema after-7-one-more-table.prisma,18.543761309,5.15.1
2024-08-09 04:34:23,npx prisma generate --schema schema8.prisma,138.261342119,5.15.1
2024-08-09 04:34:41,npx prisma generate --schema after-7-one-more-table.prisma,18.183876930,5.15.1
2024-08-09 04:37:01,npx prisma generate --schema schema8.prisma,140.205935213,5.15.1
2024-08-09 04:37:20,npx prisma generate --schema after-7-one-more-table.prisma,18.620591749,5.15.1
2024-08-09 04:39:39,npx prisma generate --schema schema8.prisma,138.870307473,5.15.1
2024-08-09 04:39:58,npx prisma generate --schema after-7-one-more-table.prisma,18.530759073,5.15.1
2024-08-09 04:42:17,npx prisma generate --schema schema8.prisma,139.926532047,5.15.1
2024-08-09 04:42:36,npx prisma generate --schema after-7-one-more-table.prisma,18.741420508,5.15.1
2024-08-09 04:44:56,npx prisma generate --schema schema8.prisma,139.852783381,5.15.1
2024-08-09 04:45:15,npx prisma generate --schema after-7-one-more-table.prisma,19.028185334,5.15.1
2024-08-09 04:47:36,npx prisma generate --schema schema8.prisma,141.045521734,5.15.1
2024-08-09 04:47:55,npx prisma generate --schema after-7-one-more-table.prisma,18.509154289,5.15.1
2024-08-09 04:50:14,npx prisma generate --schema schema8.prisma,139.594599906,5.15.1
2024-08-09 04:50:33,npx prisma generate --schema after-7-one-more-table.prisma,18.513338916,5.15.1
2024-08-09 04:52:52,npx prisma generate --schema schema8.prisma,138.971900376,5.15.1
2024-08-09 04:53:11,npx prisma generate --schema after-7-one-more-table.prisma,18.854099095,5.15.1
2024-08-09 04:55:30,npx prisma generate --schema schema8.prisma,139.710708715,5.15.1
2024-08-09 04:55:49,npx prisma generate --schema after-7-one-more-table.prisma,19.037399755,5.15.1
2024-08-09 04:58:08,npx prisma generate --schema schema8.prisma,138.799766499,5.15.1
2024-08-09 04:58:27,npx prisma generate --schema after-7-one-more-table.prisma,18.522841435,5.15.1
2024-08-09 05:00:45,npx prisma generate --schema schema8.prisma,138.736165954,5.15.1
2024-08-09 05:01:04,npx prisma generate --schema after-7-one-more-table.prisma,18.584507706,5.15.1
2024-08-09 05:03:23,npx prisma generate --schema schema8.prisma,138.728988303,5.15.1
2024-08-09 05:04:24,npx prisma generate --schema after-7-one-more-table.prisma,61.376243167,5.15.1
2024-08-09 05:06:43,npx prisma generate --schema schema8.prisma,138.904554314,5.15.1
2024-08-09 05:07:02,npx prisma generate --schema after-7-one-more-table.prisma,18.745840940,5.15.1
2024-08-09 05:09:21,npx prisma generate --schema schema8.prisma,139.572756251,5.15.1
2024-08-09 05:09:40,npx prisma generate --schema after-7-one-more-table.prisma,18.761830071,5.15.1
2024-08-09 05:12:00,npx prisma generate --schema schema8.prisma,139.920286576,5.15.1
2024-08-09 05:12:19,npx prisma generate --schema after-7-one-more-table.prisma,18.802883046,5.15.1
2024-08-09 05:14:38,npx prisma generate --schema schema8.prisma,139.336743105,5.15.1
2024-08-09 05:14:57,npx prisma generate --schema after-7-one-more-table.prisma,18.714549142,5.15.1
2024-08-09 05:17:16,npx prisma generate --schema schema8.prisma,139.113169474,5.15.1
2024-08-09 05:17:34,npx prisma generate --schema after-7-one-more-table.prisma,18.328869781,5.15.1
2024-08-09 05:19:56,npx prisma generate --schema schema8.prisma,141.397545013,5.15.1
2024-08-09 05:20:14,npx prisma generate --schema after-7-one-more-table.prisma,18.306244286,5.15.1
2024-08-09 05:22:32,npx prisma generate --schema schema8.prisma,138.224583041,5.15.1
2024-08-09 05:22:51,npx prisma generate --schema after-7-one-more-table.prisma,18.591371835,5.15.1
2024-08-09 05:25:09,npx prisma generate --schema schema8.prisma,138.450860331,5.15.1
2024-08-09 05:25:28,npx prisma generate --schema after-7-one-more-table.prisma,18.571938252,5.15.1
2024-08-09 05:27:48,npx prisma generate --schema schema8.prisma,139.688733848,5.15.1
2024-08-09 05:28:06,npx prisma generate --schema after-7-one-more-table.prisma,18.332898085,5.15.1
2024-08-09 05:30:26,npx prisma generate --schema schema8.prisma,139.931220040,5.15.1
2024-08-09 05:30:44,npx prisma generate --schema after-7-one-more-table.prisma,18.414779052,5.15.1
2024-08-09 05:33:04,npx prisma generate --schema schema8.prisma,139.903380573,5.15.1
2024-08-09 05:33:23,npx prisma generate --schema after-7-one-more-table.prisma,18.417253243,5.15.1
2024-08-09 05:35:41,npx prisma generate --schema schema8.prisma,138.834994313,5.15.1
2024-08-09 05:36:43,npx prisma generate --schema after-7-one-more-table.prisma,61.022220509,5.15.1
2024-08-09 05:39:03,npx prisma generate --schema schema8.prisma,140.153382536,5.15.1
2024-08-09 05:40:04,npx prisma generate --schema after-7-one-more-table.prisma,61.609675594,5.15.1
2024-08-09 05:42:23,npx prisma generate --schema schema8.prisma,138.952457514,5.15.1
2024-08-09 05:42:42,npx prisma generate --schema after-7-one-more-table.prisma,18.741285232,5.15.1
2024-08-09 05:45:03,npx prisma generate --schema schema8.prisma,141.412528858,5.15.1
2024-08-09 05:45:22,npx prisma generate --schema after-7-one-more-table.prisma,18.183715734,5.15.1
2024-08-09 05:47:44,npx prisma generate --schema schema8.prisma,141.927493645,5.15.1
2024-08-09 05:48:02,npx prisma generate --schema after-7-one-more-table.prisma,18.752968843,5.15.1
2024-08-09 05:50:21,npx prisma generate --schema schema8.prisma,139.070542572,5.15.1
2024-08-09 05:50:40,npx prisma generate --schema after-7-one-more-table.prisma,18.187425594,5.15.1
2024-08-09 05:53:00,npx prisma generate --schema schema8.prisma,140.143674319,5.15.1
2024-08-09 05:53:18,npx prisma generate --schema after-7-one-more-table.prisma,18.439574343,5.15.1
2024-08-09 05:55:38,npx prisma generate --schema schema8.prisma,139.351124483,5.15.1
2024-08-09 05:55:56,npx prisma generate --schema after-7-one-more-table.prisma,18.562209609,5.15.1
2024-08-09 05:58:17,npx prisma generate --schema schema8.prisma,141.234707041,5.15.1
2024-08-09 05:58:36,npx prisma generate --schema after-7-one-more-table.prisma,18.443891351,5.15.1
2024-08-09 06:00:54,npx prisma generate --schema schema8.prisma,138.422931871,5.15.1
2024-08-09 06:01:13,npx prisma generate --schema after-7-one-more-table.prisma,18.768643794,5.15.1
2024-08-09 06:03:34,npx prisma generate --schema schema8.prisma,140.735765737,5.15.1
2024-08-09 06:03:52,npx prisma generate --schema after-7-one-more-table.prisma,18.722960384,5.15.1
2024-08-09 06:06:12,npx prisma generate --schema schema8.prisma,139.688183016,5.15.1
2024-08-09 06:07:13,npx prisma generate --schema after-7-one-more-table.prisma,61.276031955,5.15.1
2024-08-09 06:09:32,npx prisma generate --schema schema8.prisma,138.952845760,5.15.1
2024-08-09 06:09:51,npx prisma generate --schema after-7-one-more-table.prisma,18.812719004,5.15.1
2024-08-09 06:12:11,npx prisma generate --schema schema8.prisma,139.354142899,5.15.1
2024-08-09 06:12:29,npx prisma generate --schema after-7-one-more-table.prisma,18.638602080,5.15.1
2024-08-09 06:14:49,npx prisma generate --schema schema8.prisma,139.813574246,5.15.1
2024-08-09 06:15:08,npx prisma generate --schema after-7-one-more-table.prisma,18.768125315,5.15.1
2024-08-09 06:17:27,npx prisma generate --schema schema8.prisma,138.905631816,5.15.1
2024-08-09 06:17:45,npx prisma generate --schema after-7-one-more-table.prisma,18.193754434,5.15.1
2024-08-09 06:20:04,npx prisma generate --schema schema8.prisma,138.879931767,5.15.1
2024-08-09 06:20:23,npx prisma generate --schema after-7-one-more-table.prisma,18.759997965,5.15.1
2024-08-09 06:22:43,npx prisma generate --schema schema8.prisma,140.297776470,5.15.1
2024-08-09 06:23:44,npx prisma generate --schema after-7-one-more-table.prisma,61.250029249,5.15.1
2024-08-09 06:26:03,npx prisma generate --schema schema8.prisma,139.418136551,5.15.1
2024-08-09 06:26:22,npx prisma generate --schema after-7-one-more-table.prisma,18.529146325,5.15.1
2024-08-09 06:28:44,npx prisma generate --schema schema8.prisma,141.856831632,5.15.1
2024-08-09 06:29:02,npx prisma generate --schema after-7-one-more-table.prisma,18.573799598,5.15.1
2024-08-09 06:31:23,npx prisma generate --schema schema8.prisma,140.156450618,5.15.1
2024-08-09 06:31:41,npx prisma generate --schema after-7-one-more-table.prisma,18.718673865,5.15.1
2024-08-09 06:34:03,npx prisma generate --schema schema8.prisma,141.413776646,5.15.1
2024-08-09 06:34:22,npx prisma generate --schema after-7-one-more-table.prisma,18.817696258,5.15.1
2024-08-09 06:36:42,npx prisma generate --schema schema8.prisma,140.256035730,5.15.1
2024-08-09 06:37:43,npx prisma generate --schema after-7-one-more-table.prisma,61.018511377,5.15.1
2024-08-09 06:40:05,npx prisma generate --schema schema8.prisma,141.762017702,5.15.1
2024-08-09 06:40:23,npx prisma generate --schema after-7-one-more-table.prisma,18.771485606,5.15.1
2024-08-09 06:42:44,npx prisma generate --schema schema8.prisma,140.266965510,5.15.1
2024-08-09 06:43:02,npx prisma generate --schema after-7-one-more-table.prisma,18.624202418,5.15.1
2024-08-09 06:45:21,npx prisma generate --schema schema8.prisma,138.871285678,5.15.1
2024-08-09 06:45:40,npx prisma generate --schema after-7-one-more-table.prisma,18.614616206,5.15.1
2024-08-09 06:47:58,npx prisma generate --schema schema8.prisma,138.535351824,5.15.1
2024-08-09 06:49:00,npx prisma generate --schema after-7-one-more-table.prisma,61.393098749,5.15.1
2024-08-09 06:51:21,npx prisma generate --schema schema8.prisma,141.361520898,5.15.1
2024-08-09 06:51:40,npx prisma generate --schema after-7-one-more-table.prisma,18.490708658,5.15.1
2024-08-09 06:54:01,npx prisma generate --schema schema8.prisma,141.674762702,5.15.1
2024-08-09 06:54:20,npx prisma generate --schema after-7-one-more-table.prisma,18.410038832,5.15.1
2024-08-09 06:56:40,npx prisma generate --schema schema8.prisma,140.344002101,5.15.1
2024-08-09 06:56:58,npx prisma generate --schema after-7-one-more-table.prisma,18.368425384,5.15.1
2024-08-09 06:59:18,npx prisma generate --schema schema8.prisma,139.881692962,5.15.1
2024-08-09 06:59:37,npx prisma generate --schema after-7-one-more-table.prisma,18.663039547,5.15.1
2024-08-09 07:01:56,npx prisma generate --schema schema8.prisma,138.990340021,5.15.1
2024-08-09 07:02:15,npx prisma generate --schema after-7-one-more-table.prisma,18.799229324,5.15.1
2024-08-09 07:04:37,npx prisma generate --schema schema8.prisma,141.846190940,5.15.1
2024-08-09 07:04:55,npx prisma generate --schema after-7-one-more-table.prisma,18.607825910,5.15.1
2024-08-09 07:07:16,npx prisma generate --schema schema8.prisma,140.319640955,5.15.1
2024-08-09 07:08:17,npx prisma generate --schema after-7-one-more-table.prisma,61.295218820,5.15.1
2024-08-09 07:10:39,npx prisma generate --schema schema8.prisma,142.167325144,5.15.1
2024-08-09 07:10:58,npx prisma generate --schema after-7-one-more-table.prisma,18.707864655,5.15.1
2024-08-09 07:13:17,npx prisma generate --schema schema8.prisma,139.546421860,5.15.1
2024-08-09 07:13:36,npx prisma generate --schema after-7-one-more-table.prisma,18.790171546,5.15.1
2024-08-09 07:15:47,npx prisma generate --schema schema8.prisma,131.331819139,5.15.1
2024-08-09 07:16:06,npx prisma generate --schema after-7-one-more-table.prisma,18.306788317,5.15.1
2024-08-09 07:18:24,npx prisma generate --schema schema8.prisma,138.327547115,5.15.1
2024-08-09 07:18:43,npx prisma generate --schema after-7-one-more-table.prisma,18.557214755,5.15.1
2024-08-09 07:21:01,npx prisma generate --schema schema8.prisma,138.166871486,5.15.1
2024-08-09 07:21:20,npx prisma generate --schema after-7-one-more-table.prisma,18.739831660,5.15.1
2024-08-09 07:23:39,npx prisma generate --schema schema8.prisma,139.545242962,5.15.1
2024-08-09 07:23:57,npx prisma generate --schema after-7-one-more-table.prisma,18.342252093,5.15.1
2024-08-09 07:26:17,npx prisma generate --schema schema8.prisma,139.072706109,5.15.1
2024-08-09 07:26:35,npx prisma generate --schema after-7-one-more-table.prisma,18.597047333,5.15.1
2024-08-09 07:28:54,npx prisma generate --schema schema8.prisma,138.393524446,5.15.1
2024-08-09 07:29:12,npx prisma generate --schema after-7-one-more-table.prisma,18.623770560,5.15.1
2024-08-09 07:31:34,npx prisma generate --schema schema8.prisma,141.876682345,5.15.1
2024-08-09 07:31:53,npx prisma generate --schema after-7-one-more-table.prisma,18.625352883,5.15.1
2024-08-09 07:34:11,npx prisma generate --schema schema8.prisma,138.116643185,5.15.1
2024-08-09 07:34:29,npx prisma generate --schema after-7-one-more-table.prisma,18.719048088,5.15.1
2024-08-09 07:36:51,npx prisma generate --schema schema8.prisma,141.566990665,5.15.1
2024-08-09 07:37:10,npx prisma generate --schema after-7-one-more-table.prisma,18.548038560,5.15.1
2024-08-09 07:39:29,npx prisma generate --schema schema8.prisma,139.389980596,5.15.1
2024-08-09 07:39:48,npx prisma generate --schema after-7-one-more-table.prisma,18.902542422,5.15.1
2024-08-09 07:42:07,npx prisma generate --schema schema8.prisma,139.208107009,5.15.1
2024-08-09 07:42:26,npx prisma generate --schema after-7-one-more-table.prisma,18.375235914,5.15.1
2024-08-09 07:44:45,npx prisma generate --schema schema8.prisma,139.938558265,5.15.1
2024-08-09 07:45:04,npx prisma generate --schema after-7-one-more-table.prisma,18.586631046,5.15.1
2024-08-09 07:47:23,npx prisma generate --schema schema8.prisma,138.716257931,5.15.1
2024-08-09 07:47:41,npx prisma generate --schema after-7-one-more-table.prisma,18.689095734,5.15.1
2024-08-09 07:50:02,npx prisma generate --schema schema8.prisma,140.151211483,5.15.1
2024-08-09 07:50:20,npx prisma generate --schema after-7-one-more-table.prisma,18.297165457,5.15.1
2024-08-09 07:52:39,npx prisma generate --schema schema8.prisma,139.174203308,5.15.1
2024-08-09 07:52:58,npx prisma generate --schema after-7-one-more-table.prisma,18.705280323,5.15.1
2024-08-09 07:55:19,npx prisma generate --schema schema8.prisma,141.128778824,5.15.1
2024-08-09 07:55:38,npx prisma generate --schema after-7-one-more-table.prisma,18.797542499,5.15.1
2024-08-09 07:58:01,npx prisma generate --schema schema8.prisma,143.025691111,5.15.1
2024-08-09 07:58:21,npx prisma generate --schema after-7-one-more-table.prisma,19.851255536,5.15.1
2024-08-09 08:00:43,npx prisma generate --schema schema8.prisma,142.287256920,5.15.1
2024-08-09 08:01:02,npx prisma generate --schema after-7-one-more-table.prisma,19.332526736,5.15.1
2024-08-09 08:03:24,npx prisma generate --schema schema8.prisma,141.773588745,5.15.1
2024-08-09 08:04:26,npx prisma generate --schema after-7-one-more-table.prisma,62.314906211,5.15.1
2024-08-09 08:06:50,npx prisma generate --schema schema8.prisma,143.409428548,5.15.1
2024-08-09 08:07:09,npx prisma generate --schema after-7-one-more-table.prisma,19.171997250,5.15.1
2024-08-09 08:09:32,npx prisma generate --schema schema8.prisma,142.744768682,5.15.1
2024-08-09 08:09:51,npx prisma generate --schema after-7-one-more-table.prisma,18.814510539,5.15.1
2024-08-09 08:12:12,npx prisma generate --schema schema8.prisma,141.254935619,5.15.1
2024-08-09 08:12:31,npx prisma generate --schema after-7-one-more-table.prisma,18.866650117,5.15.1
2024-08-09 08:14:53,npx prisma generate --schema schema8.prisma,142.072836408,5.15.1
2024-08-09 08:15:55,npx prisma generate --schema after-7-one-more-table.prisma,62.197854333,5.15.1
2024-08-09 08:18:15,npx prisma generate --schema schema8.prisma,140.477578173,5.15.1
2024-08-09 08:18:34,npx prisma generate --schema after-7-one-more-table.prisma,18.861213597,5.15.1
2024-08-09 08:20:54,npx prisma generate --schema schema8.prisma,140.212239569,5.15.1
2024-08-09 08:21:13,npx prisma generate --schema after-7-one-more-table.prisma,18.875450733,5.15.1
2024-08-09 08:23:37,npx prisma generate --schema schema8.prisma,144.060401737,5.15.1
2024-08-09 08:23:57,npx prisma generate --schema after-7-one-more-table.prisma,19.315766084,5.15.1
2024-08-09 08:26:22,npx prisma generate --schema schema8.prisma,144.802629924,5.15.1
2024-08-09 08:27:25,npx prisma generate --schema after-7-one-more-table.prisma,63.544909422,5.15.1
2024-08-09 08:29:50,npx prisma generate --schema schema8.prisma,144.472678228,5.15.1
2024-08-09 08:30:09,npx prisma generate --schema after-7-one-more-table.prisma,19.920289979,5.15.1
2024-08-09 08:32:33,npx prisma generate --schema schema8.prisma,143.823573820,5.15.1
2024-08-09 08:32:53,npx prisma generate --schema after-7-one-more-table.prisma,19.172663443,5.15.1
2024-08-09 08:35:17,npx prisma generate --schema schema8.prisma,144.502296065,5.15.1
2024-08-09 08:35:36,npx prisma generate --schema after-7-one-more-table.prisma,19.297876030,5.15.1
2024-08-09 08:37:58,npx prisma generate --schema schema8.prisma,142.173883545,5.15.1
2024-08-09 08:39:02,npx prisma generate --schema after-7-one-more-table.prisma,63.608162217,5.15.1
2024-08-09 08:41:26,npx prisma generate --schema schema8.prisma,143.726997204,5.15.1
2024-08-09 08:42:29,npx prisma generate --schema after-7-one-more-table.prisma,62.910880046,5.15.1
2024-08-09 08:44:51,npx prisma generate --schema schema8.prisma,142.035532899,5.15.1
2024-08-09 08:45:10,npx prisma generate --schema after-7-one-more-table.prisma,19.147964337,5.15.1
2024-08-09 08:47:31,npx prisma generate --schema schema8.prisma,141.478841832,5.15.1
2024-08-09 08:47:50,npx prisma generate --schema after-7-one-more-table.prisma,18.946383382,5.15.1
2024-08-09 08:50:14,npx prisma generate --schema schema8.prisma,143.713316989,5.15.1
2024-08-09 08:50:33,npx prisma generate --schema after-7-one-more-table.prisma,19.013065647,5.15.1
2024-08-09 08:52:57,npx prisma generate --schema schema8.prisma,144.286426628,5.15.1
2024-08-09 08:53:17,npx prisma generate --schema after-7-one-more-table.prisma,19.227518733,5.15.1
2024-08-09 08:55:40,npx prisma generate --schema schema8.prisma,143.750984203,5.15.1
2024-08-09 08:56:43,npx prisma generate --schema after-7-one-more-table.prisma,63.062786882,5.15.1
2024-08-09 08:59:07,npx prisma generate --schema schema8.prisma,143.460334136,5.15.1
2024-08-09 08:59:26,npx prisma generate --schema after-7-one-more-table.prisma,19.442474999,5.15.1
2024-08-09 09:01:50,npx prisma generate --schema schema8.prisma,143.759087502,5.15.1
2024-08-09 09:02:09,npx prisma generate --schema after-7-one-more-table.prisma,18.885729999,5.15.1
2024-08-09 09:04:28,npx prisma generate --schema schema8.prisma,139.435312118,5.15.1
2024-08-09 09:04:47,npx prisma generate --schema after-7-one-more-table.prisma,18.919396988,5.15.1
2024-08-09 09:07:08,npx prisma generate --schema schema8.prisma,140.368421367,5.15.1
2024-08-09 09:07:27,npx prisma generate --schema after-7-one-more-table.prisma,18.920892011,5.15.1
2024-08-09 09:09:47,npx prisma generate --schema schema8.prisma,140.118966025,5.15.1
2024-08-09 09:10:49,npx prisma generate --schema after-7-one-more-table.prisma,62.161722664,5.15.1
2024-08-09 09:13:08,npx prisma generate --schema schema8.prisma,139.285877818,5.15.1
2024-08-09 09:13:27,npx prisma generate --schema after-7-one-more-table.prisma,18.940772120,5.15.1
2024-08-09 09:15:49,npx prisma generate --schema schema8.prisma,141.837130521,5.15.1
2024-08-09 09:16:51,npx prisma generate --schema after-7-one-more-table.prisma,61.659487141,5.15.1
2024-08-09 09:19:10,npx prisma generate --schema schema8.prisma,139.199637711,5.15.1
2024-08-09 09:19:29,npx prisma generate --schema after-7-one-more-table.prisma,18.799616265,5.15.1
2024-08-09 09:21:48,npx prisma generate --schema schema8.prisma,138.987088377,5.15.1
2024-08-09 09:22:51,npx prisma generate --schema after-7-one-more-table.prisma,63.036401261,5.15.1
2024-08-09 09:25:15,npx prisma generate --schema schema8.prisma,144.495498676,5.15.1
2024-08-09 09:25:35,npx prisma generate --schema after-7-one-more-table.prisma,19.307588392,5.15.1
2024-08-09 09:27:59,npx prisma generate --schema schema8.prisma,144.084867206,5.15.1
2024-08-09 09:28:18,npx prisma generate --schema after-7-one-more-table.prisma,19.342771310,5.15.1
2024-08-09 09:30:43,npx prisma generate --schema schema8.prisma,145.148856528,5.15.1
2024-08-09 09:31:03,npx prisma generate --schema after-7-one-more-table.prisma,19.447121633,5.15.1
